{"qw": 0.7749540730953357, "qy": 0.0, "qx": 0.0, "qz": 0.6320175508583199, "y": -1.8503662705010289, "x": 5.192068880504275, "z": 0.12050000000000002}
